,COUNTS (LU/LO/DLR/TfL Rail)--2023 // Station annualised entries and exits,,,,,,,,,,,,,,,,,
,(C) Copyright Transport for London 2024,,,,,,,,,,,,,,,,,
,,,,,,,,,,,,,,,,,,
,Counts by Station,,,,,,,,,,,,,,,,,
,version 20240403,,,,,Typical,,,,,,,,,,,,
,,,,,,Monday,Midweek (Tue-Thu),Friday,Saturday,Sunday,Monday,Midweek (Tue-Thu),Friday,Saturday,Sunday,Weekly,12-week,Annualised
Mode,NLC,ASC,Station,Coverage,Source,Entries,Entries,Entries,Entries,Entries,Exits,Exits,Exits,Exits,Exits,En/Ex,En/Ex,En/Ex
LU,500,ACTu,Acton Town,Station entry/exit,Gateline,"7,288","8,125","8,016","6,552","4,684","7,546","8,438","8,245","6,696","5,224","103,940","1,188,670","4,823,835"
LU,502,ALDu,Aldgate,Station entry/exit,Gateline,"10,183","12,769","9,612","6,518","4,860","11,247","14,494","11,040","7,982","5,387","148,617","1,699,609","6,897,314"
LU,503,ALEu,Aldgate East,Station entry/exit,Gateline,"16,046","19,106","18,158","17,203","12,549","15,225","17,758","17,903","17,163","11,058","235,895","2,697,738","10,947,896"
LU,505,ALPu,Alperton,Station entry/exit,Gateline,"4,187","4,234","4,294","3,532","2,487","4,497","4,539","4,413","3,682","2,580","55,992","640,338","2,598,605"
LU,506,AMEu,Amersham,Station entry/exit,Gateline,"2,807","3,373","2,724","2,093","1,209","2,712","3,237","2,748","1,914","1,228","37,266","426,182","1,729,521"
LU,507,ANGu,Angel,Station entry/exit,Gateline,"16,331","20,242","19,840","18,253","12,006","17,207","21,791","21,935","20,196","12,276","264,142","3,020,769","12,258,814"
LU,508,ARCu,Archway,Station entry/exit,Gateline,"11,128","12,701","12,423","10,171","7,087","10,801","12,259","11,356","9,107","6,838","153,792","1,758,791","7,137,484"
LU,509,AGRu,Arnos Grove,Station entry/exit,Gateline,"5,172","5,771","5,770","4,808","3,488","4,865","5,400","5,417","4,542","3,391","70,967","811,592","3,293,586"
LU,510,ARLu,Arsenal,Station entry/exit,Gateline,"3,118","3,827","3,740","3,734","2,482","3,002","3,553","3,338","3,470","2,459","47,480","542,992","2,203,557"
LU,511,BSTu,Baker Street,Station entry/exit,Gateline,"32,085","36,489","36,140","29,380","18,964","32,697","37,438","37,109","29,574","19,221","456,950","5,225,764","21,207,073"
LU,512,BALu,Balham LU,Station entry/exit,Gateline,"14,062","16,938","16,374","15,977","9,477","14,040","16,854","15,633","15,309","9,524","211,773","2,421,874","9,828,394"
LU,513,BNKu,Bank and Monument,Station entry/exit,Gateline,"58,761","79,701","52,366","27,620","18,080","60,145","81,267","54,557","29,072","18,054","801,559","9,166,763","37,200,346"
LU,501,BARu,Barbican,Station entry/exit,Gateline,"8,391","10,100","7,908","4,566","3,558","8,727","10,611","8,123","4,724","3,603","111,733","1,277,793","5,185,508"
LU,514,BKGu,Barking,Station entry/exit,Gateline,"24,831","26,140","25,508","20,113","14,261","24,873","26,327","25,471","19,439","14,263","326,159","3,730,011","15,137,045"
LU,515,BDEu,Barkingside,Station entry/exit,Gateline,"1,908","2,130","1,914","1,330",925,"1,947","2,168","1,932","1,343",953,"25,146","287,577","1,167,037"
LU,516,BCTu,Barons Court,Station entry/exit,Gateline,"8,287","10,030","8,812","6,366","4,332","8,274","9,161","8,707","6,131","4,444","112,926","1,291,442","5,240,900"
LU,832,BPSu,Battersea Power Station,Station entry/exit,Gateline,"10,265","13,973","12,517","19,599","9,656","9,912","12,800","11,775","17,766","9,186","180,992","2,069,854","8,399,835"
LU,517,BAYu,Bayswater,Station entry/exit,Gateline,"5,338","5,898","6,315","6,523","5,129","5,028","5,475","5,863","5,992","4,230","78,538","898,171","3,644,937"
LU,518,BECu,Becontree,Station entry/exit,Gateline,"4,844","5,331","5,046","3,495","2,341","4,917","5,163","4,742","3,300","2,304","62,473","714,448","2,899,358"
LU,519,BPKu,Belsize Park,Station entry/exit,Gateline,"7,823","9,021","8,262","6,473","4,846","7,869","8,871","8,135","6,239","4,909","108,230","1,237,732","5,022,937"
LU,787,BERu,Bermondsey,Station entry/exit,Gateline,"10,008","11,478","11,595","11,069","7,171","9,752","11,141","11,224","10,837","7,050","146,564","1,676,135","6,802,053"
LU,520,BNGu,Bethnal Green LU,Station entry/exit,Gateline,"14,369","17,155","17,340","17,156","12,147","13,540","16,240","16,583","16,574","11,373","219,270","2,507,607","10,176,312"
LU,521,BLFu,Blackfriars LU,Station entry/exit,Gateline,"15,884","19,764","14,449","12,171","8,610","15,161","18,997","13,821","10,977","7,065","214,419","2,452,137","9,951,205"
LU,522,BHRu,Blackhorse Road,Station entry/exit,Gateline,"13,856","15,992","15,397","13,222","9,116","13,234","14,975","14,279","12,480","8,911","193,394","2,211,686","8,975,412"
LU,524,BDSu,Bond Street,Station entry/exit,Gateline,"54,309","64,747","57,923","55,393","35,619","55,596","66,105","60,746","57,581","36,668","806,390","9,222,012","37,424,555"
LU,525,BORu,Borough,Station entry/exit,Gateline,"5,700","7,150","6,496","5,755","3,485","5,747","7,557","6,613","5,928","3,804","87,650","1,002,377","4,067,823"
LU,526,BOSu,Boston Manor,Station entry/exit,Gateline,"2,306","2,486","2,447","1,761","1,243","2,403","2,661","2,367","1,694","1,276","30,938","353,817","1,435,853"
LU,527,BGRu,Bounds Green,Station entry/exit,Gateline,"6,626","7,473","7,449","6,185","4,212","6,416","7,184","6,992","5,874","4,208","91,932","1,051,349","4,266,560"
LU,528,BWRu,Bow Road,Station entry/exit,Gateline,"6,444","7,144","7,139","6,115","4,482","6,269","6,818","6,627","5,849","4,776","89,585","1,024,506","4,157,626"
LU,529,BTXu,Brent Cross,Station entry/exit,Gateline,"3,066","3,389","2,964","2,372","1,782","2,996","3,275","2,913","2,270","1,735","40,091","458,484","1,860,607"
LU,778,BRXu,Brixton LU,Station entry/exit,Gateline,"28,089","33,083","34,583","34,458","23,130","27,499","32,069","34,094","33,994","23,265","434,569","4,969,807","20,168,356"
LU,530,BBBu,Bromley-by-Bow,Station entry/exit,Gateline,"5,821","6,574","6,225","4,799","3,919","5,786","6,487","6,024","4,694","3,868","80,320","918,554","3,727,656"
LU,531,BHLu,Buckhurst Hill,Station entry/exit,Gateline,"2,819","3,316","2,949","2,280","1,441","2,770","3,267","2,901","2,131","1,444","38,483","440,099","1,786,001"
LU,532,BURu,Burnt Oak,Station entry/exit,Gateline,"5,189","5,532","5,259","3,737","2,905","5,012","5,280","5,091","3,526","2,863","66,016","754,969","3,063,800"
LU,534,CRDu,Caledonian Road,Station entry/exit,Gateline,"6,906","7,686","7,687","6,178","4,603","6,500","7,241","6,993","5,692","4,477","93,818","1,072,914","4,354,076"
LU,535,CTNu,Camden Town,Station entry/exit,Gateline,"23,798","26,322","31,478","33,131","27,507","24,387","27,256","32,894","42,368","28,916","405,212","4,634,069","18,805,872"
LU,788,CWRu,Canada Water,Station entry/exit,Gateline,"13,515","15,121","15,890","16,413","11,517","13,715","15,393","16,097","15,855","11,808","206,351","2,359,861","9,576,731"
LU,852,CWFu,Canary Wharf LU,Station entry/exit,Gateline,"47,422","56,704","44,915","38,264","26,666","49,077","58,810","46,206","39,309","26,664","665,067","7,605,824","30,865,778"
LU,884,CNTu,Canning Town,Station entry/exit,Gateline,"18,147","19,345","20,528","19,610","15,445","18,207","19,624","21,303","20,735","14,769","265,650","3,038,019","12,328,817"
LU,536,CSTu,Cannon Street LU,Station entry/exit,Gateline,"6,573","8,611","5,568","3,287","1,999","6,067","7,971","5,072","2,805","1,672","82,787","946,769","3,842,155"
LU,537,CPKu,Canons Park,Station entry/exit,Gateline,"3,397","3,698","3,416","2,812","1,789","3,353","3,673","3,346","2,636","1,814","44,675","510,909","2,073,359"
LU,539,CLFu,Chalfont & Latimer,Station entry/exit,Gateline,"2,888","3,061","2,392","2,111",992,"2,731","2,716","2,316","2,542","1,278","34,582","395,482","1,604,937"
LU,540,CHFu,Chalk Farm,Station entry/exit,Gateline,"6,254","7,453","8,378","10,233","5,628","5,420","6,592","7,324","7,582","4,714","97,665","1,116,915","4,532,637"
LU,541,CYLu,Chancery Lane,Station entry/exit,Gateline,"12,649","16,649","11,084","5,046","2,511","13,410","17,917","11,915","5,349","2,477","168,141","1,922,894","7,803,444"
LU,718,CHXu,Charing Cross LU,Station entry/exit,Gateline,"20,406","24,918","22,836","25,975","16,870","19,519","23,622","22,049","25,557","13,263","312,094","3,569,161","14,484,286"
LU,543,CHMu,Chesham,Station entry/exit,Gateline,"1,575","1,877","1,602","1,242",725,"1,496","1,737","1,562","1,113",679,"20,834","238,257","966,889"
LU,544,CHGu,Chigwell,Station entry/exit,Gateline,620,714,581,318,212,507,595,513,273,209,"7,160","81,880","332,284"
LU,545,CHPu,Chiswick Park,Station entry/exit,Gateline,"3,058","3,688","3,125","2,516","1,643","3,430","4,094","3,363","2,454","1,762","44,698","511,176","2,074,444"
LU,546,CWDu,Chorleywood,Station entry/exit,Gateline,"3,003","3,122","2,510","1,763","1,282","2,272","2,317","1,833","1,266","1,110","31,357","358,609","1,455,300"
LU,547,CPCu,Clapham Common,Station entry/exit,Gateline,"10,050","12,472","12,842","14,141","8,197","11,032","13,935","13,667","15,100","8,989","173,240","1,981,200","8,040,059"
LU,548,CPNu,Clapham North,Station entry/exit,Gateline,"6,805","8,061","9,087","9,313","5,239","7,222","8,804","8,932","9,681","5,404","112,280","1,284,056","5,210,928"
LU,549,CPSu,Clapham South,Station entry/exit,Gateline,"9,081","11,319","10,374","9,364","5,678","9,220","11,231","9,875","9,005","6,006","136,253","1,558,214","6,323,510"
LU,550,CFSu,Cockfosters,Station entry/exit,Gateline,"2,057","2,346","2,369","2,496","1,510","2,051","2,409","2,392","2,460","1,649","31,249","357,364","1,450,247"
LU,551,COLu,Colindale,Station entry/exit,Gateline,"10,120","11,203","10,696","8,454","6,269","9,857","10,897","10,220","7,994","6,147","136,058","1,555,978","6,314,434"
LU,552,CLWu,Colliers Wood,Station entry/exit,Gateline,"8,039","9,190","9,136","8,342","5,693","7,800","8,798","8,653","7,798","5,625","115,049","1,315,718","5,339,416"
LU,553,COVu,Covent Garden,Station entry/exit,Gateline,"14,145","17,681","18,221","22,652","14,622","16,696","20,531","22,051","30,628","17,279","270,929","3,098,390","12,573,815"
LU,554,CRXu,Croxley,Station entry/exit,Gateline,"1,449","1,684","1,379",751,436,"1,422","1,669","1,362",716,471,"18,046","206,372","837,496"
LU,555,DGEu,Dagenham East,Station entry/exit,Gateline,"4,590","4,892","4,622","3,218","2,400","4,261","4,577","4,348","2,888","2,270","57,004","651,907","2,645,552"
LU,556,DGHu,Dagenham Heathway,Station entry/exit,Gateline,"8,095","8,694","8,515","5,702","4,040","7,944","8,564","8,360","5,554","4,040","104,024","1,189,639","4,827,763"
LU,557,DEBu,Debden,Station entry/exit,Gateline,"3,176","3,532","3,132","1,970","1,227","3,107","3,439","2,982","1,897","1,264","39,669","453,661","1,841,035"
LU,558,DHLu,Dollis Hill,Station entry/exit,Gateline,"5,097","5,503","5,408","4,232","3,113","4,687","4,961","4,870","3,846","2,942","65,587","750,064","3,043,893"
LU,560,EBYu,Ealing Broadway,Station entry/exit,Gateline,"22,063","25,758","24,877","21,081","14,778","24,870","27,290","25,426","22,951","17,265","332,452","3,801,975","15,429,088"
LU,561,ECMu,Ealing Common,Station entry/exit,Gateline,"2,935","3,338","3,294","2,762","1,962","3,001","3,411","3,290","2,614","2,015","42,123","481,721","1,954,910"
LU,562,ECTu,Earl's Court,Station entry/exit,Gateline,"23,468","25,726","26,109","23,500","19,063","23,245","25,919","26,894","24,498","18,294","340,007","3,888,374","15,779,710"
LU,563,EACu,East Acton,Station entry/exit,Gateline,"5,019","5,594","5,225","3,931","2,734","5,095","5,606","5,187","3,983","2,689","67,462","771,506","3,130,908"
LU,565,EFYu,East Finchley,Station entry/exit,Gateline,"8,026","9,555","8,330","6,966","4,609","7,948","9,374","8,011","6,607","4,720","112,004","1,280,894","5,198,096"
LU,566,EHMu,East Ham,Station entry/exit,Gateline,"17,788","18,335","18,454","14,959","12,043","17,317","17,967","17,666","13,854","11,448","232,437","2,658,187","10,787,392"
LU,567,EPYu,East Putney,Station entry/exit,Gateline,"8,923","10,176","9,622","8,084","5,810","8,943","10,149","9,052","7,408","5,845","124,658","1,425,606","5,785,361"
LU,564,ETEu,Eastcote,Station entry/exit,Gateline,"3,472","3,971","3,582","2,858","1,667","3,393","3,937","3,475","2,660","1,671","46,501","531,796","2,158,123"
LU,568,EDGu,Edgware,Station entry/exit,Gateline,"6,586","7,017","6,680","5,344","3,894","6,598","7,009","6,685","5,423","3,767","87,052","995,537","4,040,066"
LU,774,ERBu,Edgware Road (Bak),Station entry/exit,Gateline,"5,104","5,596","5,432","5,901","3,403","5,189","6,004","5,728","5,177","3,448","74,182","848,354","3,442,771"
LU,569,ERDu,Edgware Road (DIS),Station entry/exit,Gateline,"8,663","10,012","9,268","8,078","5,788","8,507","9,760","9,120","8,007","5,563","122,308","1,398,736","5,676,320"
LU,570,ELEu,Elephant & Castle LU,Station entry/exit,Gateline,"21,000","25,283","24,005","22,126","15,005","20,187","23,304","22,964","21,126","14,573","306,745","3,507,992","14,236,050"
LU,571,EPKu,Elm Park,Station entry/exit,Gateline,"4,226","4,841","4,166","2,836","1,916","4,089","4,741","4,091","2,797","1,923","54,791","626,594","2,542,830"
LU,542,EMBu,Embankment,Station entry/exit,Gateline,"21,973","28,762","26,468","31,414","19,679","21,598","28,321","26,034","30,847","18,143","367,405","4,201,706","17,051,267"
LU,572,EPPu,Epping,Station entry/exit,Manual Count,"4,667","5,343","5,457","5,730","3,453","4,656","5,434","5,099","5,229","3,972","70,594","807,325","3,276,268"
LU,574,EUSu,Euston LU,Station entry/exit,Gateline,"41,115","50,032","48,535","45,359","34,321","41,734","50,663","52,559","46,428","33,522","645,660","7,383,875","29,965,071"
LU,575,ESQu,Euston Square,Station entry/exit,Gateline,"18,161","20,811","17,750","10,271","8,161","19,293","22,315","19,845","10,497","8,818","242,175","2,769,556","11,239,346"
LU,576,FLPu,Fairlop,Station entry/exit,Gateline,"1,441","1,621","1,437","1,280",776,"1,374","1,502","1,372","1,252",786,"19,087","218,281","885,823"
LU,577,FARu,Farringdon,Station entry/exit,Gateline,"65,397","84,203","62,876","35,288","23,739","63,536","80,892","60,968","34,078","22,235","863,400","9,873,986","40,070,382"
LU,578,FYCu,Finchley Central,Station entry/exit,Gateline,"9,795","11,621","10,398","7,709","4,723","9,597","11,151","10,057","6,928","7,335","134,860","1,542,284","6,258,859"
LU,579,FRDu,Finchley Road,Station entry/exit,Gateline,"11,326","12,418","12,354","9,410","7,196","11,076","11,951","11,652","8,819","6,860","151,800","1,736,008","7,045,026"
LU,580,FPKu,Finsbury Park,Station entry/exit,Gateline,"28,655","33,928","33,814","32,968","24,806","28,334","33,547","33,019","32,506","24,753","441,280","5,046,548","20,479,785"
LU,581,FBYu,Fulham Broadway,Station entry/exit,Gateline,"10,439","12,165","11,726","9,502","6,348","10,557","12,056","11,062","8,818","5,904","147,019","1,681,334","6,823,150"
LU,582,GHLu,Gants Hill,Station entry/exit,Gateline,"8,013","8,768","8,132","5,895","4,388","7,593","8,326","7,773","5,682","4,245","103,003","1,177,960","4,780,369"
LU,583,GRDu,Gloucester Road,Station entry/exit,Gateline,"18,015","19,562","20,131","15,774","12,187","17,109","19,050","19,344","14,987","11,251","244,635","2,797,689","11,353,518"
LU,584,GGRu,Golders Green,Station entry/exit,Gateline,"9,528","10,353","10,117","7,681","6,450","9,585","10,386","10,118","7,628","6,622","129,944","1,486,057","6,030,683"
LU,585,GHRu,Goldhawk Road,Station entry/exit,Gateline,"2,712","3,151","3,135","2,770","1,690","2,680","3,097","2,896","2,497","1,763","38,886","444,701","1,804,676"
LU,586,GSTu,Goodge Street,Station entry/exit,Gateline,"8,240","9,484","7,781","5,251","2,954","8,646","10,369","8,814","5,825","3,114","110,183","1,260,067","5,113,576"
LU,587,GRHu,Grange Hill,Station entry/exit,Gateline,725,815,702,434,266,662,721,577,343,241,"8,560","97,896","397,280"
LU,588,GPSu,Great Portland Street,Station entry/exit,Gateline,"8,787","10,667","8,174","4,873","3,473","8,863","10,805","8,323","5,030","3,275","115,214","1,317,603","5,347,065"
LU,590,GPKu,Green Park,Station entry/exit,Gateline,"38,040","46,982","42,165","37,511","25,109","42,144","53,512","49,212","44,776","28,206","608,649","6,960,614","28,247,401"
LU,589,GFDu,Greenford,Station entry/exit,Gateline,"5,308","5,771","5,366","4,411","2,794","5,452","5,842","5,394","4,067","2,813","70,443","805,593","3,269,238"
LU,591,GUNu,Gunnersbury,Station entry/exit,Gateline,"6,558","7,931","6,200","4,626","2,849","6,405","7,785","5,886","4,792","2,710","87,174","996,942","4,045,767"
LU,592,HAIu,Hainault,Station entry/exit,Gateline,"4,911","5,299","5,020","3,431","2,226","4,662","5,085","4,800","3,192","2,255","61,647","705,001","2,861,021"
LU,593,HMDu,Hammersmith (DIS),Station entry/exit,Gateline,"32,977","35,262","32,909","28,909","18,685","32,788","35,208","32,469","28,768","18,290","437,205","4,999,946","20,290,665"
LU,773,HMSu,Hammersmith (H&C),Station entry/exit,Gateline,"13,669","15,654","14,224","12,746","7,960","13,327","15,093","13,535","12,326","7,600","187,628","2,145,740","8,707,793"
LU,594,HMPu,Hampstead,Station entry/exit,Gateline,"5,230","5,963","6,026","5,549","4,794","5,949","6,693","6,825","5,994","5,472","83,807","958,430","3,889,479"
LU,595,HLNu,Hanger Lane,Station entry/exit,Gateline,"4,015","4,667","4,258","3,466","2,435","3,822","4,424","4,097","3,169","2,352","54,887","627,702","2,547,324"
LU,596,HARu,Harlesden,Station entry/exit,Gateline,"4,122","4,538","4,497","2,787","1,742","4,070","4,447","4,446","2,702","1,822","53,142","607,740","2,466,317"
LU,597,HAWu,Harrow & Wealdstone,Station entry/exit,Gateline,"5,982","6,565","6,255","4,541","2,952","5,674","6,179","5,746","4,050","2,847","76,278","872,325","3,540,050"
LU,598,HOHu,Harrow-on-the-Hill,Station entry/exit,Gateline,"13,126","14,096","13,883","11,129","7,956","13,750","15,086","14,654","11,447","8,267","181,760","2,078,633","8,435,460"
LU,779,HTXu,Hatton Cross,Station entry/exit,Gateline,"4,406","4,657","4,684","4,051","3,374","4,522","4,692","4,640","4,076","3,660","61,460","702,867","2,852,360"
LU,781,HRFu,Heathrow Terminal 4 LU,Station entry/exit,Gateline,"2,192","2,172","2,638","2,191","2,682","2,221","1,982","2,259","2,193","2,465","31,303","357,989","1,452,783"
LU,783,HRVu,Heathrow Terminal 5 LU,Station entry/exit,Gateline,"6,250","5,810","6,778","5,435","6,376","4,918","4,628","5,219","4,474","5,528","76,292","872,493","3,540,730"
LU,780,HRCu,Heathrow Terminals 123 LU,Station entry/exit,Gateline,"9,404","8,870","10,013","8,727","9,249","8,505","6,668","7,626","7,232","8,303","115,674","1,322,873","5,368,454"
LU,601,HNDu,Hendon Central,Station entry/exit,Gateline,"8,982","9,535","8,934","6,350","4,832","8,561","8,933","8,351","5,724","4,479","111,612","1,276,414","5,179,915"
LU,602,HBTu,High Barnet,Station entry/exit,Gateline,"5,260","5,948","5,788","4,037","2,798","5,084","5,768","5,574","3,741","2,806","70,238","803,254","3,259,745"
LU,605,HSTu,High Street Kensington,Station entry/exit,Gateline,"13,859","16,086","16,032","14,501","10,397","13,515","15,806","15,453","13,796","9,596","202,824","2,319,529","9,413,060"
LU,603,HBYu,Highbury & Islington,Station entry/exit,Gateline,"19,669","22,947","23,854","21,943","14,046","21,226","24,118","24,739","23,136","14,927","304,734","3,484,991","14,142,708"
LU,604,HIGu,Highgate,Station entry/exit,Gateline,"6,363","7,665","7,296","6,388","4,135","6,509","7,798","7,221","6,317","4,364","94,980","1,086,212","4,408,040"
LU,606,HDNu,Hillingdon,Station entry/exit,Gateline,"2,275","2,511","2,397","1,831","1,346","2,010","2,333","2,183","1,676","1,349","29,600","338,509","1,373,730"
LU,607,HOLu,Holborn,Station entry/exit,Gateline,"29,787","36,748","31,465","24,135","14,340","31,880","39,599","34,284","26,207","14,994","436,134","4,987,702","20,240,977"
LU,608,HPKu,Holland Park,Station entry/exit,Gateline,"4,048","4,667","4,472","3,256","2,282","4,148","4,762","4,489","3,250","2,311","56,544","646,647","2,624,208"
LU,609,HRDu,Holloway Road,Station entry/exit,Gateline,"8,488","9,004","8,830","6,529","4,501","8,549","8,933","8,411","6,315","4,596","110,031","1,258,329","5,106,522"
LU,610,HCHu,Hornchurch,Station entry/exit,Gateline,"2,658","3,045","2,718","1,746","1,050","2,705","3,091","2,730","1,849","1,115","34,977","400,009","1,623,305"
LU,611,HNCu,Hounslow Central,Station entry/exit,Gateline,"4,955","5,121","4,975","4,114","3,036","4,854","5,102","4,983","3,968","3,099","64,652","739,368","3,000,487"
LU,612,HNEu,Hounslow East,Station entry/exit,Gateline,"5,234","5,438","5,461","4,800","3,711","5,388","5,805","5,665","4,843","3,798","72,629","830,601","3,370,726"
LU,613,HNWu,Hounslow West,Station entry/exit,Gateline,"4,273","4,510","4,572","4,020","3,390","4,262","4,537","4,559","4,067","3,529","59,815","684,057","2,776,023"
LU,614,HPCu,Hyde Park Corner,Station entry/exit,Gateline,"5,467","6,484","6,322","8,648","4,649","5,799","6,510","6,575","8,316","4,867","89,623","1,024,938","4,159,381"
LU,615,ICKu,Ickenham,Station entry/exit,Gateline,"1,396","1,540","1,444","1,035",642,"1,403","1,589","1,434",998,659,"18,397","210,391","853,803"
LU,616,KENu,Kennington,Station entry/exit,Gateline,"6,409","7,706","7,905","7,655","5,085","6,322","7,573","7,707","7,650","5,261","99,829","1,141,663","4,633,070"
LU,617,KGNu,Kensal Green,Station entry/exit,Gateline,"2,773","3,258","3,127","2,484","1,659","2,661","3,177","3,035","2,365","1,741","39,152","447,753","1,817,060"
LU,618,OLYu,Kensington (Olympia),---see LO---,---,---,---,---,---,---,---,---,---,---,---,---,---,---
LU,619,KTNu,Kentish Town,---Station Closed---,---,---,---,---,---,---,---,---,---,---,---,---,---,---
LU,620,KETu,Kenton,Station entry/exit,Gateline,"2,586","2,635","2,585","1,883","1,240","2,579","2,687","2,639","1,876","1,302","32,655","373,446","1,515,511"
LU,621,KEWu,Kew Gardens,Station entry/exit,Gateline,"5,146","7,139","5,518","6,367","4,509","5,002","7,066","5,172","6,106","4,405","84,838","970,218","3,937,317"
LU,622,KILu,Kilburn,Station entry/exit,Gateline,"8,469","9,432","9,434","8,229","6,020","8,444","9,343","9,153","8,061","5,956","120,090","1,373,366","5,573,360"
LU,623,KPKu,Kilburn Park,Station entry/exit,Gateline,"3,932","4,428","4,517","4,222","2,800","3,790","4,287","4,274","3,983","2,744","56,406","645,071","2,617,813"
LU,625,KXXu,King's Cross St. Pancras,Station entry/exit,Gateline,"99,202","116,586","119,487","109,891","93,329","97,322","118,815","124,388","112,291","91,954","1,554,067","17,772,578","72,124,262"
LU,624,KBYu,Kingsbury,Station entry/exit,Gateline,"5,795","5,983","6,072","4,341","3,229","5,754","6,002","6,072","4,314","3,157","74,689","854,155","3,466,311"
LU,626,KNBu,Knightsbridge,Station entry/exit,Gateline,"19,380","23,423","22,517","25,951","16,011","18,016","21,217","20,178","22,625","13,759","292,356","3,343,428","13,568,222"
LU,627,LGRu,Ladbroke Grove,Station entry/exit,Gateline,"8,112","8,912","9,937","11,859","5,927","8,019","8,739","9,480","11,766","5,820","123,874","1,416,645","5,748,997"
LU,628,LAMu,Lambeth North,Station entry/exit,Gateline,"3,892","4,703","4,621","4,531","2,923","3,785","4,324","4,281","4,129","2,703","57,944","662,652","2,689,160"
LU,629,LANu,Lancaster Gate,Station entry/exit,Gateline,"4,122","4,916","5,557","5,767","4,258","4,109","4,969","5,455","5,506","3,923","68,353","781,694","3,172,252"
LU,630,LATu,Latimer Road,Station entry/exit,Gateline,"3,326","3,730","3,169","2,193","1,640","3,268","3,563","2,941","2,059","1,586","42,061","481,013","1,952,034"
LU,631,LSQu,Leicester Square,Station entry/exit,Gateline,"31,720","42,332","51,527","64,463","37,397","28,364","37,768","45,912","57,018","33,252","589,951","6,746,782","27,379,635"
LU,632,LEYu,Leyton,Station entry/exit,Gateline,"13,116","14,429","14,167","15,029","8,914","12,582","13,933","13,371","14,170","8,709","185,144","2,117,339","8,592,536"
LU,633,LYSu,Leytonstone,Station entry/exit,Gateline,"10,698","12,019","11,893","9,490","6,683","10,745","12,109","11,806","9,417","6,760","149,876","1,714,003","6,955,728"
LU,634,LSTu,Liverpool Street LU,Station entry/exit,Gateline,"83,559","105,490","91,428","74,086","47,873","85,288","106,135","91,332","76,196","48,422","1,233,062","14,101,505","57,226,398"
LU,635,LONu,London Bridge LU,Station entry/exit,Gateline,"72,179","90,894","90,270","101,262","63,986","70,057","88,799","86,000","96,497","60,716","1,180,047","13,495,221","54,765,991"
LU,636,LTNu,Loughton,Station entry/exit,Gateline,"4,200","4,891","4,469","3,781","2,263","4,246","5,035","4,568","3,650","2,353","59,307","678,241","2,752,421"
LU,637,MDVu,Maida Vale,Station entry/exit,Gateline,"4,140","4,823","4,593","3,883","2,575","3,969","4,562","4,269","3,597","2,598","57,780","660,783","2,681,574"
LU,638,MNRu,Manor House,Station entry/exit,Gateline,"8,846","10,067","10,084","9,193","6,494","8,801","9,910","9,788","8,709","6,631","128,476","1,469,274","5,962,575"
LU,639,MANu,Mansion House,Station entry/exit,Gateline,"6,905","8,749","6,097","3,401","2,499","7,408","9,665","6,650","3,617","2,505","94,323","1,078,696","4,377,539"
LU,640,MARu,Marble Arch,Station entry/exit,Gateline,"12,567","14,172","14,060","14,486","9,961","12,280","14,033","13,708","14,001","9,412","185,091","2,116,733","8,590,075"
LU,641,MYBu,Marylebone LU,Station entry/exit,Gateline,"11,135","14,398","12,359","11,549","7,696","11,487","15,410","13,116","12,426","7,909","177,100","2,025,350","8,219,228"
LU,642,MLEu,Mile End,Station entry/exit,Gateline,"17,667","19,368","19,188","15,373","11,036","17,509","18,916","18,369","14,801","11,365","240,160","2,746,510","11,145,822"
LU,643,MHEu,Mill Hill East,Station entry/exit,Manual Count,"2,532","3,055","2,610","2,069","1,193","2,609","2,860","2,349","1,992","1,321","34,420","393,633","1,597,432"
LU,646,MPKu,Moor Park,Station entry/exit,Gateline,"1,435","1,587","1,409",742,421,"1,373","1,568","1,380",755,447,"17,427","199,295","808,774"
LU,645,MGTu,Moorgate,Station entry/exit,Gateline,"37,566","48,929","31,103","14,290","9,328","41,036","53,221","35,061","17,194","10,672","502,698","5,748,937","23,330,204"
LU,647,MORu,Morden,Station entry/exit,Gateline,"12,752","14,216","13,743","12,881","8,628","12,001","13,670","13,479","12,304","8,612","178,057","2,036,291","8,263,631"
LU,648,MCRu,Mornington Crescent,Station entry/exit,Gateline,"3,947","5,563","4,735","7,090","2,938","3,554","4,885","4,346","3,932","2,045","63,930","731,119","2,967,011"
LU,649,NEAu,Neasden,Station entry/exit,Gateline,"4,444","4,649","4,559","3,390","2,493","4,046","4,217","4,164","3,230","2,359","55,284","632,232","2,565,708"
LU,650,NEPu,Newbury Park,Station entry/exit,Gateline,"5,755","6,244","5,948","4,263","3,149","5,239","5,681","5,435","4,062","3,023","72,649","830,827","3,371,643"
LU,831,NIEu,Nine Elms,Station entry/exit,Gateline,"6,300","7,116","6,959","5,717","4,864","5,918","7,025","6,553","5,233","4,562","88,529","1,012,428","4,108,613"
LU,653,NACu,North Acton,Station entry/exit,Gateline,"9,206","9,784","9,727","7,332","5,524","9,220","9,666","9,599","7,133","5,702","121,794","1,392,854","5,652,447"
LU,654,NELu,North Ealing,Station entry/exit,Gateline,"1,000","1,077","1,152",817,491,975,"1,041","1,001",751,508,"13,050","149,237","605,628"
LU,789,NOGu,North Greenwich,Station entry/exit,Gateline,"24,703","37,187","39,217","41,088","24,360","25,474","40,086","42,612","44,760","25,267","499,297","5,710,050","23,172,392"
LU,656,NHRu,North Harrow,Station entry/exit,Gateline,"2,338","2,699","2,355","1,618","1,059","2,246","2,566","2,198","1,507","1,021","30,137","344,647","1,398,638"
LU,659,NWBu,North Wembley,Station entry/exit,Gateline,"2,265","2,318","2,330","1,727","1,055","2,149","2,255","2,159","1,491","1,033","27,926","319,365","1,296,040"
LU,655,NFDu,Northfields,Station entry/exit,Gateline,"3,857","4,581","4,370","3,245","2,511","3,759","5,414","5,350","4,162","2,716","59,953","685,633","2,782,422"
LU,657,NHTu,Northolt,Station entry/exit,Gateline,"6,503","6,867","6,802","5,612","3,981","6,266","6,577","6,396","5,105","3,835","84,831","970,145","3,937,018"
LU,660,NWPu,Northwick Park,Station entry/exit,Gateline,"6,137","6,227","5,798","3,623","2,486","6,111","6,112","5,494","3,172","2,427","72,261","826,391","3,353,641"
LU,661,NWDu,Northwood,Station entry/exit,Gateline,"3,557","4,047","3,725","2,539","1,551","3,504","4,015","3,631","2,376","1,521","46,587","532,773","2,162,088"
LU,662,NWHu,Northwood Hills,Station entry/exit,Gateline,"2,351","2,638","2,461","1,603","1,078","2,271","2,565","2,340","1,552","1,087","30,353","347,124","1,408,690"
LU,663,NHGu,Notting Hill Gate,Station entry/exit,Gateline,"16,152","18,406","19,413","21,972","12,929","16,982","19,375","20,804","25,217","14,143","260,954","2,984,313","12,110,869"
LU,664,OAKu,Oakwood,Station entry/exit,Gateline,"3,442","3,739","3,787","3,423","2,563","3,450","3,881","3,987","3,572","2,634","49,716","568,557","2,307,306"
LU,665,OLDu,Old Street,Station entry/exit,Gateline,"22,003","29,670","24,364","20,568","13,377","21,768","29,556","25,902","22,712","13,080","341,455","3,904,932","15,846,905"
LU,667,OSTu,Osterley,Station entry/exit,Gateline,"2,660","2,944","2,696","2,216","1,664","2,649","2,950","2,618","2,163","1,748","36,097","412,813","1,675,267"
LU,668,OVLu,Oval,Station entry/exit,Gateline,"8,044","9,809","9,421","8,255","5,746","7,914","9,692","9,158","8,079","5,881","121,002","1,383,805","5,615,724"
LU,669,OXCu,Oxford Circus,Station entry/exit,Gateline,"64,847","84,129","74,803","76,154","47,114","71,881","93,337","85,536","95,807","52,647","1,101,186","12,593,351","51,106,043"
LU,670,PADu,Paddington TfL,Station entry/exit,Gateline,"71,505","82,171","77,763","73,620","59,269","68,344","80,840","79,416","70,937","56,149","1,046,034","11,962,629","48,546,460"
LU,671,PRYu,Park Royal,Station entry/exit,Gateline,"2,450","2,734","2,790","2,366","1,559","2,589","2,915","2,926","2,450","1,574","35,650","407,705","1,654,538"
LU,672,PGRu,Parsons Green,Station entry/exit,Gateline,"8,583","10,077","9,359","7,570","4,726","8,604","10,024","8,968","7,162","4,719","119,993","1,372,256","5,568,858"
LU,673,PERu,Perivale,Station entry/exit,Gateline,"2,830","3,092","3,000","2,297","1,456","2,764","3,014","2,875","2,120","1,452","37,112","424,419","1,722,368"
LU,674,PICu,Piccadilly Circus,Station entry/exit,Gateline,"34,896","42,612","44,568","53,654","31,771","33,214","41,121","43,773","53,319","29,773","576,166","6,589,136","26,739,879"
LU,776,PIMu,Pimlico,Station entry/exit,Gateline,"10,583","12,876","11,612","9,457","6,850","10,556","12,612","11,191","9,252","6,753","152,719","1,746,515","7,087,668"
LU,675,PINu,Pinner,Station entry/exit,Gateline,"3,957","3,796","3,802","3,000","2,041","3,892","3,805","3,509","2,952","1,961","47,917","547,983","2,223,811"
LU,676,PLWu,Plaistow,Station entry/exit,Gateline,"7,173","7,897","7,671","5,656","4,277","6,749","7,532","7,093","5,298","4,248","94,452","1,080,166","4,383,503"
LU,677,PRDu,Preston Road,Station entry/exit,Gateline,"4,015","4,289","4,170","3,000","2,209","3,933","4,307","4,076","2,851","2,177","52,218","597,177","2,423,452"
LU,678,PUTu,Putney Bridge,Station entry/exit,Gateline,"6,988","8,311","8,096","6,812","5,028","7,815","9,238","8,486","6,848","5,209","107,929","1,234,295","5,008,989"
LU,680,QPKu,Queen's Park,Station entry/exit,Gateline,"6,782","7,847","7,352","6,345","4,201","6,424","7,490","6,853","5,936","4,332","94,234","1,077,682","4,373,423"
LU,679,QBYu,Queensbury,Station entry/exit,Gateline,"5,182","5,390","5,369","3,754","2,625","5,171","5,398","5,270","3,698","2,530","65,965","754,385","3,061,427"
LU,681,QWYu,Queensway,Station entry/exit,Gateline,"8,696","8,932","9,711","10,923","8,057","8,832","9,987","10,439","11,199","7,942","132,557","1,515,948","6,151,983"
LU,682,RCPu,Ravenscourt Park,Station entry/exit,Gateline,"4,382","4,858","4,755","3,486","2,327","4,318","4,779","4,670","3,398","2,305","58,550","669,589","2,717,311"
LU,683,RAYu,Rayners Lane,Station entry/exit,Gateline,"5,512","5,965","5,592","4,371","3,096","5,312","5,840","5,475","4,108","3,092","71,975","823,120","3,340,365"
LU,684,REDu,Redbridge,Station entry/exit,Gateline,"3,364","3,624","3,434","2,844","2,044","3,080","3,322","3,142","2,555","1,916","43,217","494,234","2,005,688"
LU,685,RPKu,Regent's Park,Station entry/exit,Gateline,"3,242","3,859","3,435","2,808","1,575","3,785","4,511","4,208","3,420","1,926","49,511","566,218","2,297,814"
LU,686,RMDu,Richmond,LU+LO Boarding/alighting,Manual Count,"13,582","14,308","14,256","12,166","13,517","13,510","14,073","14,829","11,360","12,874","191,237","2,187,019","8,875,310"
LU,687,RKYu,Rickmansworth,Station entry/exit,Gateline,"3,085","3,550","3,306","1,929","1,343","3,029","3,419","3,196","1,791","1,302","39,889","456,176","1,851,241"
LU,688,RODu,Roding Valley,Station entry/exit,Gateline,395,362,324,279,192,627,618,446,359,205,"5,768","65,960","267,679"
LU,690,ROYu,Royal Oak,Station entry/exit,Gateline,"3,373","3,832","3,662","2,999","2,286","3,183","3,600","3,313","2,823","2,144","46,080","526,980","2,138,577"
LU,691,RUIu,Ruislip,Station entry/exit,Gateline,"2,240","2,497","2,511","1,950","1,364","2,332","2,591","2,564","1,930","1,379","31,535","360,635","1,463,521"
LU,692,RUGu,Ruislip Gardens,Station entry/exit,Gateline,"1,288","1,505","1,417","1,081",652,"1,198","1,419","1,251","1,062",663,"17,381","198,778","806,675"
LU,693,RUMu,Ruislip Manor,Station entry/exit,Gateline,"2,174","2,498","2,401","1,807","1,128","2,210","2,568","2,376","1,673","1,115","30,081","344,016","1,396,078"
LU,694,RSQu,Russell Square,Station entry/exit,Gateline,"12,243","13,099","13,648","10,296","8,031","12,465","13,511","14,251","10,232","7,564","168,559","1,927,673","7,822,836"
LU,698,SVSu,Seven Sisters,Station entry/exit,Gateline,"18,647","20,517","20,832","17,791","13,157","18,246","20,598","20,569","16,753","12,792","262,130","2,997,759","12,165,434"
LU,700,SBCu,Shepherd's Bush LU,Station entry/exit,Gateline,"17,577","21,136","20,444","22,566","12,928","16,890","20,000","19,258","21,452","12,089","266,611","3,049,010","12,373,422"
LU,775,SBMu,Shepherd's Bush Market,Station entry/exit,Gateline,"4,552","5,508","5,664","5,695","3,270","4,340","5,352","5,211","4,955","3,043","69,311","792,651","3,216,718"
LU,702,SSQu,Sloane Square,Station entry/exit,Gateline,"19,146","23,752","22,946","18,359","11,552","19,161","23,513","22,016","17,020","11,485","283,479","3,241,919","13,156,281"
LU,703,SNBu,Snaresbrook,Station entry/exit,Gateline,"3,024","3,336","3,238","2,402","1,588","2,937","3,246","2,910","2,369","1,649","39,860","455,842","1,849,887"
LU,704,SELu,South Ealing,Station entry/exit,Gateline,"3,733","3,270","3,248","2,827","1,980","3,724","1,790","1,688","1,825","1,641","35,845","409,927","1,663,555"
LU,707,SHRu,South Harrow,Station entry/exit,Gateline,"3,318","3,398","3,329","3,198","1,956","3,336","3,293","3,255","3,548","1,995","44,010","503,302","2,042,489"
LU,708,SKNu,South Kensington,Station entry/exit,Gateline,"37,141","43,331","45,122","38,291","29,421","37,832","42,786","46,006","39,948","30,029","562,140","6,428,726","26,088,906"
LU,709,SKTu,South Kenton,Station entry/exit,Manual Count,"1,213","1,618","1,523",977,713,600,"1,519","1,492",985,767,"17,681","202,203","820,575"
LU,710,SRPu,South Ruislip,Station entry/exit,Gateline,"2,367","2,706","2,509","2,293",982,"2,329","2,672","2,427","2,078","1,273","32,392","370,439","1,503,305"
LU,711,SWMu,South Wimbledon,Station entry/exit,Gateline,"5,452","6,293","6,193","5,231","3,537","5,309","6,064","6,152","5,239","3,581","77,764","889,325","3,609,039"
LU,712,SWFu,South Woodford,Station entry/exit,Gateline,"6,079","6,967","6,772","5,573","3,544","6,356","7,362","6,649","5,644","3,692","87,295","998,326","4,051,381"
LU,705,SFSu,Southfields,Station entry/exit,Gateline,"7,824","9,057","8,432","5,128","4,087","7,428","8,561","7,448","4,716","4,029","101,944","1,165,852","4,731,235"
LU,706,SGTu,Southgate,Station entry/exit,Gateline,"5,915","6,717","6,231","5,467","3,784","6,081","6,970","6,912","5,629","3,976","85,057","972,730","3,947,509"
LU,784,SWKu,Southwark,Station entry/exit,Gateline,"12,978","16,336","13,075","9,335","6,207","13,671","16,812","13,378","9,528","5,723","183,338","2,096,682","8,508,705"
LU,695,SJPu,St. James's Park,Station entry/exit,Gateline,"14,868","18,774","15,001","8,283","6,546","15,603","19,197","16,357","7,826","7,033","205,431","2,349,349","9,534,074"
LU,696,SJWu,St. John's Wood,Station entry/exit,Gateline,"9,313","10,238","9,987","6,761","5,445","9,631","10,578","10,365","6,880","5,656","126,486","1,446,515","5,870,213"
LU,697,STPu,St. Paul's,Station entry/exit,Gateline,"14,235","17,594","13,930","11,269","7,025","14,451","17,882","13,829","10,392","6,441","197,998","2,264,339","9,189,088"
LU,713,STBu,Stamford Brook,Station entry/exit,Gateline,"3,334","4,010","3,662","2,602","1,942","3,258","3,842","3,482","2,333","1,824","45,994","525,998","2,134,593"
LU,714,STAu,Stanmore,Station entry/exit,Gateline,"4,714","5,205","4,957","3,737","3,232","4,618","5,243","4,988","3,750","3,364","64,705","739,982","3,002,979"
LU,715,STGu,Stepney Green,Station entry/exit,Gateline,"8,913","9,248","9,125","5,535","4,343","8,983","9,195","8,573","5,439","4,378","110,616","1,265,026","5,133,701"
LU,716,STKu,Stockwell,Station entry/exit,Gateline,"10,775","13,141","13,083","12,691","8,019","9,955","11,377","11,821","11,431","7,709","159,040","1,818,810","7,381,051"
LU,717,SPKu,Stonebridge Park,Station entry/exit,Gateline,"4,026","4,373","4,297","3,069","1,995","3,880","4,076","4,061","2,794","1,941","51,410","587,935","2,385,943"
LU,719,SFDu,Stratford,Station entry/exit,Gateline,"77,595","86,452","85,539","85,167","72,138","78,815","88,129","87,703","87,807","73,142","1,171,649","13,399,176","54,376,225"
LU,720,SHLu,Sudbury Hill,Station entry/exit,Gateline,"2,787","2,939","2,814","1,754","1,251","2,777","2,934","2,662","2,044","1,447","35,158","402,076","1,631,696"
LU,721,STNu,Sudbury Town,Station entry/exit,Gateline,"2,777","2,844","2,852","2,226","1,266","2,572","2,527","2,527","1,863","1,312","33,507","383,192","1,555,062"
LU,723,SWCu,Swiss Cottage,Station entry/exit,Gateline,"8,467","9,320","9,030","6,291","4,790","8,420","9,257","9,006","6,310","4,789","112,832","1,290,370","5,236,551"
LU,724,TEMu,Temple,Station entry/exit,Gateline,"11,349","13,889","10,927","6,283","2,907","12,181","15,189","12,598","5,528","2,891","151,899","1,737,144","7,049,636"
LU,725,THBu,Theydon Bois,Station entry/exit,Gateline,"1,109","1,310","1,190","1,074",761,"1,070","1,242","1,139","1,031",796,"15,822","180,943","734,300"
LU,726,TBEu,Tooting Bec,Station entry/exit,Gateline,"8,999","10,971","10,345","9,832","6,258","8,891","10,752","9,784","9,117","6,602","134,997","1,543,849","6,265,211"
LU,727,TBYu,Tooting Broadway,Station entry/exit,Gateline,"18,228","21,092","21,939","19,108","11,912","18,032","20,974","21,371","18,352","11,989","267,128","3,054,924","12,397,420"
LU,728,TCRu,Tottenham Court Road,Station entry/exit,Gateline,"76,971","98,353","96,936","101,538","55,385","76,687","101,483","99,221","102,928","56,204","1,265,377","14,471,069","58,726,155"
LU,729,TTHu,Tottenham Hale LU,Station entry/exit,Gateline,"19,894","22,397","21,686","21,799","16,562","19,260","20,773","20,716","20,624","15,232","285,282","3,262,533","13,239,937"
LU,730,TOTu,Totteridge & Whetstone,Station entry/exit,Gateline,"3,097","3,629","3,258","2,716","1,801","2,936","3,535","3,202","2,540","1,821","42,866","490,220","1,989,399"
LU,731,THLu,Tower Hill,Station entry/exit,Gateline,"23,546","23,885","24,471","19,258","17,176","24,591","25,202","26,861","22,221","17,080","322,465","3,687,769","14,965,619"
LU,733,TPKu,Tufnell Park,Station entry/exit,Gateline,"6,619","8,474","8,489","7,690","4,975","6,494","8,333","8,040","7,176","5,159","105,063","1,201,520","4,875,982"
LU,734,TGRu,Turnham Green,Station entry/exit,Gateline,"6,824","8,098","7,674","6,061","4,700","6,948","8,316","8,073","6,255","4,703","100,481","1,149,114","4,663,306"
LU,735,TPLu,Turnpike Lane,Station entry/exit,Gateline,"11,732","12,929","13,564","11,949","8,384","12,261","13,708","13,475","11,446","8,553","171,276","1,958,737","7,948,900"
LU,736,UPMu,Upminster,Station entry/exit,Gateline,"6,957","8,470","6,883","5,329","3,468","7,956","9,681","7,884","5,875","4,062","102,867","1,176,401","4,774,045"
LU,737,UPBu,Upminster Bridge,Station entry/exit,Gateline,"1,449","1,672","1,393",815,459,"1,467","1,656","1,386",641,482,"18,076","206,723","838,918"
LU,738,UPYu,Upney,Station entry/exit,Gateline,"3,903","4,181","3,996","2,298","1,930","3,465","3,689","3,428","2,057","1,709","46,394","530,573","2,153,159"
LU,739,UPKu,Upton Park,Station entry/exit,Gateline,"14,060","14,868","14,837","10,815","9,249","13,516","14,190","13,922","10,488","8,901","182,962","2,092,386","8,491,273"
LU,740,UXBu,Uxbridge,Station entry/exit,Gateline,"9,381","10,043","9,332","6,232","3,653","9,368","9,977","9,265","5,790","3,692","116,775","1,335,454","5,419,509"
LU,777,VUXu,Vauxhall LU,Station entry/exit,Gateline,"29,877","37,466","34,585","30,645","23,120","29,680","34,839","33,202","26,576","22,947","447,544","5,118,189","20,770,515"
LU,741,VICu,Victoria LU,Station entry/exit,Gateline,"83,222","97,548","93,795","91,543","67,258","87,212","105,440","94,113","87,480","70,026","1,283,615","14,679,639","59,572,570"
LU,742,WALu,Walthamstow Central,Station entry/exit,Gateline,"19,882","22,828","22,195","19,661","13,789","19,940","22,736","22,082","19,444","13,963","287,647","3,289,577","13,349,683"
LU,743,WANu,Wanstead,Station entry/exit,Gateline,"2,827","3,287","3,114","2,721","1,935","2,950","3,551","3,250","2,677","1,990","41,979","480,077","1,948,236"
LU,745,WSTu,Warren Street,Station entry/exit,Gateline,"22,577","26,908","22,472","13,829","9,169","23,690","28,032","23,926","13,647","9,177","303,307","3,468,667","14,076,462"
LU,746,WARu,Warwick Avenue,Station entry/exit,Gateline,"4,513","5,341","5,115","4,351","2,909","4,522","5,164","4,763","4,230","3,140","65,059","744,029","3,019,402"
LU,747,WLOu,Waterloo LU,Station entry/exit,Gateline,"98,947","141,146","104,826","93,708","52,363","95,090","133,565","100,979","89,806","55,545","1,515,396","17,330,333","70,329,553"
LU,748,WATu,Watford,Station entry/exit,Gateline,"2,868","3,224","2,899","1,350","1,092","2,893","3,190","2,893","1,330","1,063","35,630","407,470","1,653,584"
LU,751,WEMu,Wembley Central,Station entry/exit,Gateline,"7,048","7,290","7,838","6,915","4,345","7,597","7,889","8,294","6,961","4,562","99,095","1,133,266","4,598,994"
LU,752,WPKu,Wembley Park,Station entry/exit,Gateline,"23,084","24,729","29,829","23,595","17,567","22,854","24,315","29,940","22,897","17,319","334,216","3,822,154","15,510,977"
LU,753,WACu,West Acton,Station entry/exit,Gateline,"1,666","1,919","1,782","1,437",919,"1,664","1,825","1,749","1,374",968,"22,789","260,617","1,057,631"
LU,755,WBTu,West Brompton,Station entry/exit,Gateline,"8,346","8,176","8,438","9,031","5,435","8,671","8,799","7,712","8,191","4,892","111,640","1,276,734","5,181,211"
LU,756,WFYu,West Finchley,Station entry/exit,Gateline,"2,101","2,512","2,128","1,641","1,106","2,002","2,316","1,947","1,439","1,093","27,942","319,547","1,296,777"
LU,757,WHMu,West Ham,Station entry/exit,Gateline,"8,846","9,717","9,266","6,626","4,359","8,702","9,417","9,038","6,480","4,322","115,039","1,315,605","5,338,957"
LU,758,WHDu,West Hampstead LU,Station entry/exit,Gateline,"11,592","13,560","12,627","10,292","7,013","11,040","12,660","11,767","9,574","6,679","159,243","1,821,133","7,390,480"
LU,759,WHRu,West Harrow,Station entry/exit,Gateline,"1,606","1,543","1,811","1,335",812,"1,759","1,796","1,863","1,366","1,054","21,623","247,284","1,003,523"
LU,760,WKNu,West Kensington,Station entry/exit,Gateline,"5,591","6,606","6,470","6,304","3,947","5,365","6,163","5,849","5,527","3,732","81,093","927,393","3,763,523"
LU,762,WRPu,West Ruislip,Station entry/exit,Gateline,"1,832","2,097","1,884","2,082","1,081","1,833","2,094","1,848","1,892","1,092","26,118","298,686","1,212,120"
LU,754,WBPu,Westbourne Park,Station entry/exit,Gateline,"5,618","6,317","6,423","5,223","3,292","5,166","5,949","5,802","4,657","3,077","76,056","869,795","3,529,781"
LU,761,WMSu,Westminster,Station entry/exit,Gateline,"26,801","30,749","29,255","32,514","21,822","27,831","32,555","30,777","32,850","21,352","413,113","4,724,430","19,172,572"
LU,764,WCTu,White City,Station entry/exit,Gateline,"11,903","14,791","11,941","9,725","6,705","11,917","14,549","12,046","10,726","7,038","170,021","1,944,388","7,890,670"
LU,763,WCLu,Whitechapel,Station entry/exit,Gateline,"28,763","30,362","29,419","22,806","14,970","28,982","30,521","29,605","23,470","15,378","376,044","4,300,502","17,452,196"
LU,765,WLGu,Willesden Green,Station entry/exit,Gateline,"8,480","9,340","9,432","7,572","5,539","8,325","9,177","9,224","7,294","5,508","116,925","1,337,176","5,426,495"
LU,766,WJNu,Willesden Junction,Station entry/exit,Gateline,"7,071","7,806","7,589","5,765","3,566","6,917","7,446","7,196","5,470","3,774","93,105","1,064,767","4,321,012"
LU,767,WIMu,Wimbledon,Boarding/alighting,Manual Count,"17,068","19,113","18,228","20,178","10,237","16,458","18,749","17,332","18,206","10,549","241,842","2,765,747","11,223,888"
LU,768,WMPu,Wimbledon Park,Station entry/exit,Gateline,"2,993","3,219","3,076","2,795","1,500","2,966","3,167","2,967","2,677","1,554","39,683","453,819","1,841,679"
LU,770,WGNu,Wood Green,Station entry/exit,Gateline,"13,593","14,917","16,265","14,642","9,563","13,222","14,573","16,396","14,311","9,360","195,821","2,239,442","9,088,053"
LU,599,WDLu,Wood Lane,Station entry/exit,Gateline,"6,644","7,949","7,412","8,723","4,528","7,116","8,541","7,967","8,876","5,038","105,775","1,209,663","4,909,025"
LU,769,WFDu,Woodford,Station entry/exit,Gateline,"6,943","8,049","7,803","6,211","4,041","6,815","7,914","7,257","5,820","4,016","96,796","1,106,974","4,492,296"
LU,771,WSPu,Woodside Park,Station entry/exit,Gateline,"4,833","4,667","4,360","3,443","2,353","8,155","7,931","7,605","5,675","4,587","78,802","901,198","3,657,219"
LO,1404,ACCr,Acton Central,Station entry/exit,Gateline,"2,452","2,709","2,726","2,219","1,193","2,453","2,646","2,575","2,133","1,225","33,041","397,369","1,600,049"
LO,5397,ANYr,Anerley,Station entry/exit,Manual Count,"1,832","1,962","1,987","1,571","1,059","1,637","1,689","1,696","1,452","1,098","23,285","280,042","1,127,618"
LO,514,BKGu,Barking,---see LU---,---,---,---,---,---,---,---,---,---,---,---,---,---,---
LO,1335,BGVr,Barking Riverside,Station entry/exit,Gateline,"1,453","1,622","1,504",942,450,"1,280","1,449","1,279",822,477,"17,421","209,514","843,628"
LO,6961,BETr,Bethnal Green LO,Station entry/exit,Gateline,"2,453","2,643","2,559","2,162","1,489","2,719","2,997","2,910","2,472","1,634","35,316","424,733","1,710,233"
LO,522,BHRu,Blackhorse Road,---see LU---,---,---,---,---,---,---,---,---,---,---,---,---,---,---
LO,5404,BCYr,Brockley,Boarding/alighting,Scaled,"5,922","5,663","6,228","5,763","3,617","5,438","5,165","5,614","4,559","3,332","72,957","877,439","3,533,098"
LO,1437,BSYr,Brondesbury,Station entry/exit,Gateline,"3,972","4,273","4,403","3,788","2,094","3,849","4,099","4,212","3,308","2,070","52,811","635,142","2,557,465"
LO,1438,BSPr,Brondesbury Park,Station entry/exit,Gateline,"2,460","2,604","2,560","1,974","1,208","2,457","2,624","2,491","1,847","1,197","31,878","383,386","1,543,742"
LO,6958,BCVr,Bruce Grove,Station entry/exit,Gateline,"4,255","4,466","3,768","3,082","3,893","3,665","3,957","3,636","2,782","2,806","53,155","639,277","2,574,117"
LO,6913,BHKr,Bush Hill Park,Station entry/exit,Manual Count,"4,333","3,450","3,161","2,413","1,558","3,955","3,360","2,806","2,198","1,612","42,466","510,726","2,056,493"
LO,1395,BSHr,Bushey,Boarding/alighting,Scaled,652,643,716,"1,297",558,"1,166","1,150",663,"1,100",454,"11,982","144,100","580,235"
LO,1439,CIRr,Caledonian Road & Barnsbury,Station entry/exit,Gateline,"2,862","3,177","3,812","2,907","1,756","2,920","3,338","3,948","2,801","1,894","42,444","510,457","2,055,409"
LO,6962,CBHr,Cambridge Heath,Station entry/exit,Gateline,"2,291","2,592","2,461","2,329","1,745","2,270","2,750","2,735","2,353","1,839","34,050","409,507","1,648,923"
LO,1440,CMDr,Camden Road,Station entry/exit,Gateline,"5,960","6,643","6,468","6,479","3,878","6,172","7,166","7,092","6,899","4,010","88,384","1,062,970","4,280,157"
LO,788,CWRu,Canada Water,---see LU---,---,---,---,---,---,---,---,---,---,---,---,---,---,---
LO,1441,CNNr,Canonbury,Station entry/exit,Gateline,"3,898","4,628","4,594","3,616","2,746","3,594","4,248","4,240","3,446","2,951","55,715","670,066","2,698,091"
LO,1442,CPKr,Carpenders Park,Station entry/exit,Manual Count,"1,767","2,042","2,059","1,817",904,"2,064","2,129","2,171","1,808",997,"26,100","313,897","1,263,940"
LO,6814,CHNr,Cheshunt,Boarding/alighting,Loadweigh,"1,180","1,681","1,615","1,005","1,378","1,223","1,605","1,667","1,204","1,170","20,299","244,128","983,008"
LO,6914,CHIr,Chingford,Station entry/exit,Gateline,"3,701","4,312","3,594","2,752","2,155","3,877","4,483","3,924","2,560","1,822","50,770","610,602","2,458,651"
LO,5301,CLPr,Clapham High Street,Station entry/exit,Gateline,"2,750","2,732","2,822","2,630","1,888","2,759","2,728","3,076","2,840","2,184","37,330","448,952","1,807,751"
LO,5595,CLJr,Clapham Junction,Boarding/alighting,Loadweigh,"20,347","23,886","22,964","18,108","11,500","18,121","20,764","20,140","14,039","6,975","266,146","3,200,856","12,888,580"
LO,6926,CPTr,Clapton,Station entry/exit,Gateline,"3,677","4,438","4,236","2,662","1,870","3,303","3,807","3,833","2,250","1,666","48,229","580,039","2,335,586"
LO,7406,CRHr,Crouch Hill,Station entry/exit,Manual Count,"1,710","1,837","2,005","1,806",811,"1,730","1,796","2,080","1,879",807,"23,727","285,358","1,149,023"
LO,5356,CYPr,Crystal Palace,Boarding/alighting,Loadweigh,"2,404","3,320","2,706","2,496","2,084","2,410","3,269","2,473","2,366","2,108","38,814","466,803","1,879,631"
LO,1443,DLJr,Dalston Junction,Station entry/exit,Gateline,"6,839","8,430","9,188","9,554","6,054","7,055","8,475","9,331","10,132","6,381","115,249","1,386,066","5,581,140"
LO,1429,DLKr,Dalston Kingsland,Station entry/exit,Gateline,"7,098","8,288","8,987","8,599","4,905","7,039","8,256","9,369","9,225","5,066","109,918","1,321,956","5,322,991"
LO,5421,DMKr,Denmark Hill,Boarding/alighting,Scaled,"11,817","11,677","11,016","7,040","6,268","12,074","12,040","11,575","7,371","6,482","144,795","1,741,408","7,011,961"
LO,6941,EDRr,Edmonton Green,Station entry/exit,Manual Count,"6,625","6,870","5,972","5,038","3,347","6,778","6,515","6,430","5,155","3,624","83,124","999,709","4,025,431"
LO,7473,EMPr,Emerson Park,Station entry/exit,Gateline,691,542,490,339,132,453,418,360,189,119,"5,655","68,008","273,840"
LO,6959,ENFr,Enfield Town,Station entry/exit,Gateline,"3,662","4,211","4,047","2,707","1,886","3,513","3,892","3,498","2,361","1,842","47,822","575,145","2,315,882"
LO,1444,EUSr,Euston NR,Boarding/alighting,Loadweigh,"4,221","4,835","5,287","3,553","3,089","4,194","4,604","5,013","3,266","2,871","59,809","719,308","2,896,370"
LO,1445,FNYr,Finchley Road & Frognal,Station entry/exit,Manual Count,"3,453","3,616","3,711","3,275","2,030","3,501","3,671","3,635","3,212","1,944","46,622","560,710","2,257,755"
LO,5362,FOHr,Forest Hill,Boarding/alighting,Scaled,"4,256","4,170","4,046","3,879","3,289","4,362","4,397","4,270","3,882","3,404","57,092","686,628","2,764,777"
LO,1409,GPOr,Gospel Oak,Station entry/exit,Gateline,"4,081","4,421","4,571","3,855","2,861","3,793","4,186","4,235","3,603","2,716","55,536","667,917","2,689,437"
LO,591,GUNu,Gunnersbury,---see LU---,---,---,---,---,---,---,---,---,---,---,---,---,---,---
LO,6977,HKCr,Hackney Central,Station entry/exit,Gateline,"7,261","8,699","9,531","9,543","4,456","7,399","8,858","9,933","10,279","4,747","115,822","1,392,957","5,608,887"
LO,6867,HACr,Hackney Downs,Boarding/alighting,Scaled,"7,118","5,553","8,044","4,611","6,461","6,659","7,661","8,132","3,807","5,487","89,960","1,081,919","4,356,459"
LO,6978,HKWr,Hackney Wick,Station entry/exit,Manual Count,"4,939","5,831","5,998","6,909","3,078","5,320","5,800","6,387","7,823","3,080","78,427","943,219","3,797,970"
LO,1022,HGGr,Haggerston,Station entry/exit,Gateline,"4,272","5,297","5,127","4,635","3,137","4,230","5,234","5,045","4,837","3,163","66,039","794,227","3,198,037"
LO,1413,HDHr,Hampstead Heath,Station entry/exit,Gateline,"4,746","5,082","5,016","4,354","3,440","4,699","5,064","4,933","4,517","3,207","65,351","785,957","3,164,739"
LO,596,HARu,Harlesden,---see LU---,---,---,---,---,---,---,---,---,---,---,---,---,---,---
LO,7401,HRYr,Harringay Green Lanes,Station entry/exit,Gateline,"2,838","2,884","3,077","2,992","1,784","2,814","2,951","3,097","2,872","1,744","38,724","465,721","1,875,274"
LO,597,HAWu,Harrow & Wealdstone,---see LU---,---,---,---,---,---,---,---,---,---,---,---,---,---,---
LO,1398,HTEr,Hatch End,Station entry/exit,Gateline,946,"1,080","1,075",702,451,961,"1,085","1,090",709,468,"12,894","155,072","624,414"
LO,1434,HDLr,Headstone Lane,Station entry/exit,Gateline,828,863,854,458,324,740,752,750,395,284,"9,477","113,978","458,943"
LO,6919,HIPr,Highams Park,Station entry/exit,Gateline,"4,249","4,938","4,367","3,224","1,897","4,087","4,321","4,051","2,907","1,952","54,509","655,565","2,639,702"
LO,603,HBYu,Highbury & Islington,---see LU---,---,---,---,---,---,---,---,---,---,---,---,---,---,---
LO,6979,HMNr,Homerton,Station entry/exit,Gateline,"6,487","7,229","7,264","6,264","2,376","6,270","6,969","6,710","5,121","2,761","85,847","1,032,459","4,157,303"
LO,5418,HPAr,Honor Oak Park,Station entry/exit,Gateline,"3,651","4,427","3,935","3,638","2,262","3,641","4,332","3,622","3,366","2,373","52,767","634,615","2,555,344"
LO,1023,HOXr,Hoxton,Station entry/exit,Gateline,"4,646","6,109","5,790","5,079","4,335","4,755","6,370","6,120","5,538","5,304","79,002","950,140","3,825,837"
LO,9586,IMWr,Imperial Wharf,Boarding/alighting,Scaled,"5,730","5,629","5,661","3,804","2,509","5,468","5,234","5,093","3,513","2,257","66,622","801,248","3,226,310"
LO,617,KGNu,Kensal Green,---see LU---,---,---,---,---,---,---,---,---,---,---,---,---,---,---
LO,1448,KNRr,Kensal Rise,Station entry/exit,Manual Count,"4,994","5,345","5,520","4,520","1,787","5,110","5,522","5,291","4,326","2,171","66,320","797,612","3,211,667"
LO,618,OLYu,Kensington (Olympia),Station entry/exit,Gateline,"3,738","3,810","3,676","2,918","2,218","3,683","3,873","3,497","2,795","1,986","47,558","571,968","2,303,087"
LO,1449,KTWr,Kentish Town West,Station entry/exit,Gateline,"3,756","4,362","4,931","3,834","2,680","3,724","4,307","5,002","3,735",242,"53,910","648,355","2,610,671"
LO,620,KETu,Kenton,---see LU---,---,---,---,---,---,---,---,---,---,---,---,---,---,---
LO,621,KEWu,Kew Gardens,---see LU---,---,---,---,---,---,---,---,---,---,---,---,---,---,---
LO,1415,KBNr,Kilburn High Road,Station entry/exit,Gateline,"1,064","1,106","1,193",888,583,"1,076","1,152","1,171",873,695,"14,316","172,178","693,292"
LO,7402,LEMr,Leyton Midland Road,Station entry/exit,Gateline,"2,670","3,088","2,959","2,550","1,361","2,588","3,034","2,741","2,290","1,437","36,962","444,536","1,789,972"
LO,7403,LERr,Leytonstone High Road,Station entry/exit,Gateline,"1,814","1,961","2,042","1,931",952,"1,768","2,015","1,980","1,752",978,"25,145","302,418","1,217,716"
LO,6965,LSTr,Liverpool Street NR,Boarding/alighting,Loadweigh,"15,775","27,850","18,408","15,156","11,169","7,865","24,125","16,467","15,103","9,553","265,423","3,192,162","12,853,573"
LO,6966,LOFr,London Fields,Station entry/exit,Manual Count,"2,253","2,750","2,896","2,500","1,906","2,545","3,040","3,146","2,888","2,071","37,575","451,904","1,819,638"
LO,5150,NWXr,New Cross,Boarding/alighting,Loadweigh,"3,490","3,975","3,888","3,622","2,447","3,518","3,711","3,807","3,888","2,570","50,287","604,791","2,435,253"
LO,5345,NXGr,New Cross Gate,Boarding/alighting,Scaled,"6,671","7,469","7,633","10,352","7,296","6,641","7,395","7,778","10,917","8,151","110,030","1,323,295","5,328,384"
LO,659,NWBu,North Wembley,---see LU---,---,---,---,---,---,---,---,---,---,---,---,---,---,---
LO,5376,NWDr,Norwood Junction,Boarding/alighting,Scaled,"2,828","3,274","3,151","2,820","2,105","2,840","3,242","2,834","2,689","1,813","40,627","488,613","1,967,452"
LO,5423,PMRr,Peckham Rye,Boarding/alighting,Scaled,"4,891","4,838","4,854","5,058","3,872","6,044","6,034","6,233","6,012","4,941","74,521","896,237","3,608,792"
LO,5378,PNWr,Penge West,Boarding/alighting,Scaled,"1,280","1,300","1,373","1,502",868,"1,318","1,298","1,263","1,246",831,"17,477","210,186","846,336"
LO,680,QPKu,Queen's Park,---see LU---,---,---,---,---,---,---,---,---,---,---,---,---,---,---
LO,5424,QRPr,Queens Road Peckham,Boarding/alighting,Scaled,"3,304","3,106","2,633","3,428","2,236","3,229","3,152","2,688","3,600","2,485","42,379","509,686","2,052,303"
LO,6967,RECr,Rectory Road,Station entry/exit,Gateline,"3,203","3,171","2,767","2,377","1,549","2,842","2,978","2,868","2,348","1,811","38,214","459,583","1,850,561"
LO,686,RMDu,Richmond,---see LU---,---,---,---,---,---,---,---,---,---,---,---,---,---,---
LO,6886,RMFr,Romford,---see EZL---,---,---,---,---,---,---,---,---,---,---,---,---,---,---
LO,1039,ROEr,Rotherhithe,Station entry/exit,Gateline,"2,164","2,577","2,748","2,682","1,729","2,029","2,355","2,545","2,052","1,614","32,358","389,160","1,566,993"
LO,698,SVSu,Seven Sisters,---see LU---,---,---,---,---,---,---,---,---,---,---,---,---,---,---
LO,1082,SDEr,Shadwell LO,Station entry/exit,Gateline,"5,310","5,938","6,079","5,847","3,948","5,568","6,286","6,493","5,799","3,733","79,449","955,516","3,847,483"
LO,9587,SPBr,Shepherd's Bush NR,Boarding/alighting,Scaled,"9,484","9,484","9,932","9,210","5,768","9,515","9,515","10,155","9,410","5,774","126,245","1,518,317","6,113,662"
LO,1024,SDCr,Shoreditch High Street,Station entry/exit,Gateline,"8,302","11,038","10,414","7,589","6,539","8,777","12,085","12,144","8,876","6,900","138,910","1,670,627","6,726,954"
LO,6972,SLVr,Silver Street,Station entry/exit,Gateline,"4,763","5,070","4,965","3,385","2,390","4,654","4,718","4,642","3,084","2,297","59,544","716,124","2,883,549"
LO,1452,SATr,South Acton,Station entry/exit,Manual Count,"1,439","1,039","1,484","1,241",460,"1,333","1,153","1,382",981,566,"15,462","185,957","748,775"
LO,1451,SOHr,South Hampstead,Station entry/exit,Gateline,838,838,921,570,867,806,864,887,629,"1,161","11,785","141,735","570,710"
LO,709,SKTu,South Kenton,---see LU---,---,---,---,---,---,---,---,---,---,---,---,---,---,---
LO,7404,STOr,South Tottenham,Station entry/exit,Gateline,"2,480","2,844","2,507","1,974","1,445","2,659","2,880","2,734","2,109","1,376","34,457","414,405","1,668,645"
LO,6947,SBUr,Southbury,Station entry/exit,Gateline,"1,631","1,698","1,666","1,151",783,"1,756","1,843","1,774","1,229",900,"21,514","258,744","1,041,860"
LO,6973,SJSr,St James Street,Station entry/exit,Gateline,"2,134","2,437","2,352","2,138","1,338","2,178","2,344","2,257","1,960","1,344","30,046","361,352","1,455,020"
LO,6968,SMHr,Stamford Hill,Station entry/exit,Manual Count,"1,843","1,922","1,924","1,246","1,097","1,647","1,748","1,673","1,023",941,"22,404","269,447","1,084,954"
LO,6934,SKWr,Stoke Newington,Station entry/exit,Gateline,"3,441","3,435","3,441","2,833","1,926","3,187","3,204","3,058","2,795","1,911","42,511","511,264","2,058,656"
LO,717,SPKu,Stonebridge Park,---see LU---,---,---,---,---,---,---,---,---,---,---,---,---,---,---
LO,719,SFDu,Stratford,---see LU---,---,---,---,---,---,---,---,---,---,---,---,---,---,---
LO,1083,SQEr,Surrey Quays,Station entry/exit,Gateline,"6,839","7,560","7,979","7,145","4,146","6,386","7,036","7,093","6,114","3,793","93,281","1,121,865","4,517,307"
LO,5437,SYDr,Sydenham,Boarding/alighting,Scaled,"3,550","3,499","3,374","2,906","1,559","4,365","4,377","4,229","2,710","1,816","48,136","578,914","2,331,059"
LO,6949,TEOr,Theobalds Grove,Station entry/exit,Gateline,"1,151","1,218","1,083",826,641,"1,069","1,114","1,047",747,618,"14,174","170,471","686,418"
LO,6952,TURr,Turkey Street,Station entry/exit,Gateline,"1,655","1,678","1,669","1,136",774,"1,546","1,539","1,502",993,759,"19,682","236,704","953,114"
LO,736,UPMu,Upminster,---see LU---,---,---,---,---,---,---,---,---,---,---,---,---,---,---
LO,1524,UHLr,Upper Holloway,Station entry/exit,Gateline,"3,005","3,073","3,007","2,328","1,512","2,986","3,095","3,326","2,342","1,405","38,414","461,999","1,860,287"
LO,742,WALu,Walthamstow Central,---see LU---,---,---,---,---,---,---,---,---,---,---,---,---,---,---
LO,7407,WMWr,Walthamstow Queen's Road,Station entry/exit,Gateline,"1,837","2,140","1,982","1,807",889,"1,898","2,157","1,962","1,747",822,"25,833","310,688","1,251,018"
LO,5372,WWRr,Wandsworth Road,Station entry/exit,Gateline,"1,246","1,361","1,342",523,487,"1,261","1,385","1,348",498,488,"15,430","185,569","747,211"
LO,7408,WNPr,Wanstead Park,Station entry/exit,Gateline,"2,457","2,509","2,539","2,181","1,071","2,340","2,616","2,384","2,160","1,155","31,664","380,818","1,533,404"
LO,1085,WPEr,Wapping,Station entry/exit,Gateline,"2,913","3,494","3,571","3,012","2,164","2,886","3,448","3,401","2,890","2,108","43,772","526,436","2,119,749"
LO,1455,WFHr,Watford High Street,Station entry/exit,Gateline,"1,901","1,961","2,054","1,930","1,233","1,791","1,878","2,008","1,923","1,196","25,553","307,320","1,237,456"
LO,1402,WFJr,Watford Junction,Boarding/alighting,Scaled,"2,497","3,037","3,682","2,352","3,630",719,"1,958","2,040",800,"3,541","34,243","411,835","1,658,296"
LO,751,WEMu,Wembley Central,---see LU---,---,---,---,---,---,---,---,---,---,---,---,---,---,---
LO,755,WBTu,West Brompton,---see LU---,---,---,---,---,---,---,---,---,---,---,---,---,---,---
LO,5411,WCYr,West Croydon NR,Boarding/alighting,Loadweigh,"5,416","5,738","5,731","4,370","3,301","4,977","5,010","5,158","3,976","3,179","68,353","822,060","3,310,109"
LO,1421,WHDr,West Hampstead LO,Station entry/exit,Gateline,"6,815","7,321","7,195","5,915","2,588","6,745","7,376","7,215","5,817","2,646","89,027","1,070,701","4,311,287"
LO,6956,WHLr,White Hart Lane,Station entry/exit,Gateline,"2,956","3,187","3,331","2,205","1,450","2,834","3,038","2,992","2,027","2,712","39,179","471,201","1,897,338"
LO,763,WCLu,Whitechapel,---see LU---,---,---,---,---,---,---,---,---,---,---,---,---,---,---
LO,766,WJNu,Willesden Junction,---see LU---,---,---,---,---,---,---,---,---,---,---,---,---,---,---
LO,6954,WSTr,Wood Street,Station entry/exit,Manual Count,"3,188","3,548","3,529","2,794","1,834","3,108","3,495","3,219","2,543","1,868","43,212","519,698","2,092,620"
LO,7467,WGRr,Woodgrange Park,Station entry/exit,Gateline,"1,748","1,849","1,822","1,489",795,"1,539","1,684","1,537","1,242",829,"21,598","259,749","1,045,906"
DLR,750,ABRd,Abbey Road,Station entry/exit,APC,"2,006","2,060","2,121","1,784","1,303","2,015","2,107","2,083","1,681","1,308","26,803","324,179","1,338,423"
DLR,850,ALSd,All Saints,Station entry/exit,APC,"2,741","2,854","2,873","2,455","1,691","2,767","2,787","2,777","2,336","1,678","36,240","438,320","1,809,670"
DLR,513,BNKu,Bank and Monument,---see LU---,---,---,---,---,---,---,---,---,---,---,---,---,---,---
DLR,895,BECd,Beckton,Station entry/exit,APC,"3,452","3,517","3,499","2,379","1,631","3,542","3,666","3,568","2,396","1,699","43,714","528,727","2,182,927"
DLR,891,BEPd,Beckton Park,Station entry/exit,APC,792,813,846,529,435,841,885,837,541,428,"10,340","125,061","516,334"
DLR,882,BLAd,Blackwall,Station entry/exit,APC,"2,059","2,326","2,307","2,081","1,525","2,168","2,403","2,301","2,048","1,549","30,224","365,563","1,509,282"
DLR,851,BOCd,Bow Church,Station entry/exit,APC,"5,394","5,623","5,635","4,523","3,458","3,854","3,754","3,973","3,372","2,763","61,102","739,030","3,051,195"
DLR,842,CAWd,Canary Wharf DLR,Station entry/exit,APC,"17,122","19,611","17,505","16,589","11,501","18,656","21,068","19,431","18,774","12,833","254,451","3,077,586","12,706,268"
DLR,884,CNTu,Canning Town,---see LU---,---,---,---,---,---,---,---,---,---,---,---,---,---,---
DLR,854,CROd,Crossharbour,Station entry/exit,APC,"5,505","5,734","5,812","4,917","3,701","5,482","5,799","5,715","4,759","3,675","74,164","897,021","3,703,484"
DLR,887,CUHd,Custom House DLR,Station entry/exit,APC,"7,484","10,594","8,971","6,520","4,359","5,151","7,659","6,792","4,481","2,928","101,442","1,226,938","5,065,593"
DLR,879,CUSd,Cutty Sark,Station entry/exit,APC,"10,595","10,137","10,432","11,413","8,352","11,505","12,310","12,705","11,678","8,719","152,741","1,847,406","7,627,289"
DLR,893,CYPd,Cyprus,Station entry/exit,APC,"4,669","4,098","3,197","1,216",812,"4,905","4,361","3,295","1,213",809,"45,491","550,218","2,271,654"
DLR,897,DEBd,Deptford Bridge,Station entry/exit,APC,"4,173","4,699","4,773","4,385","3,309","4,411","4,768","4,847","4,433","3,282","62,012","750,034","3,096,625"
DLR,867,DERd,Devons Road,Station entry/exit,APC,"3,613","3,726","3,890","3,247","2,432","3,602","3,699","3,707","3,123","2,405","48,292","584,098","2,411,534"
DLR,883,EAId,East India,Station entry/exit,APC,"6,860","7,313","6,921","4,219","3,010","7,626","7,782","7,216","4,284","2,968","88,391","1,069,091","4,413,900"
DLR,898,ELRd,Elverson Road,Station entry/exit,APC,"2,250","2,373","2,413","1,959","1,525","2,093","2,228","2,159","1,771","1,501","29,473","356,473","1,471,752"
DLR,894,GARd,Gallions Reach,Station entry/exit,APC,"2,943","3,124","3,134","2,610","1,880","3,053","3,331","3,162","2,569","1,940","40,658","491,756","2,030,287"
DLR,928,GREd,Greenwich,Boarding/alighting,APC,"7,372","8,316","8,060","7,215","6,369","7,223","7,876","7,956","7,539","6,405","106,716","1,290,738","5,329,004"
DLR,855,HEQd,Heron Quays,Station entry/exit,APC,"8,306","8,911","7,955","6,534","5,315","9,717","10,724","9,614","6,667","5,925","118,938","1,438,564","5,939,324"
DLR,856,ISGd,Island Gardens,Station entry/exit,APC,"3,640","3,749","3,878","2,913","2,695","3,360","3,651","3,566","2,565","2,427","47,243","571,408","2,359,143"
DLR,523,KGVd,King George V,Station entry/exit,APC,"2,447","2,474","2,570","1,611","1,539","2,534","2,625","2,644","1,619","1,574","31,835","385,051","1,589,739"
DLR,853,LAPd,Langdon Park,Station entry/exit,APC,"6,011","6,881","6,590","4,567","4,172","5,821","6,556","6,444","4,529","4,132","82,578","998,784","4,123,628"
DLR,940,LEWd,Lewisham DLR,Station entry/exit,APC,"11,381","12,152","11,607","8,219","7,377","11,719","12,374","11,765","8,296","7,427","151,371","1,830,831","7,558,857"
DLR,862,LIMd,Limehouse DLR,Station entry/exit,APC,"10,630","10,604","11,367","12,241","6,252","14,562","15,896","15,411","12,088","8,979","171,032","2,068,631","8,540,650"
DLR,533,LCAd,London City Airport,Station entry/exit,APC,"5,629","5,485","6,279","1,449","3,491","6,278","6,005","6,541","1,904","3,605","69,648","842,400","3,477,974"
DLR,857,MUDd,Mudchute,Station entry/exit,APC,"2,598","2,742","2,794","2,211","2,091","2,457","2,660","2,576","2,191","2,168","35,292","426,855","1,762,333"
DLR,538,PDKd,Pontoon Dock,Station entry/exit,APC,"4,113","4,433","4,539","3,093","3,146","4,237","4,558","4,451","3,064","3,148","56,766","686,589","2,834,685"
DLR,858,POPd,Poplar,Station entry/exit,APC,"2,064","2,876","2,073","2,094","1,801","2,715","3,353","2,431","2,426","1,869","36,161","437,366","1,805,731"
DLR,888,PRRd,Prince Regent,Station entry/exit,APC,"2,258","2,485","2,787","2,335","1,941","2,449","2,742","2,846","2,158","1,435","33,887","409,862","1,692,175"
DLR,859,PMLd,Pudding Mill Lane,Station entry/exit,APC,"3,827","2,015","3,820","4,929","4,823","3,888","2,106","3,787","4,527","4,396","46,358","560,702","2,314,941"
DLR,890,ROAd,Royal Albert,Station entry/exit,APC,"2,026","2,135","2,281","2,134","1,501","2,235","2,351","2,337","2,270","1,543","29,785","360,251","1,487,349"
DLR,886,ROVd,Royal Victoria,Station entry/exit,APC,"4,742","4,499","4,914","5,241","3,491","3,752","3,891","4,127","4,034","2,840","58,311","705,278","2,911,844"
DLR,860,SHAd,Shadwell DLR,Station entry/exit,APC,"9,564","10,212","10,095","6,873","5,966","9,608","10,341","10,247","7,474","5,952","127,437","1,541,356","6,363,717"
DLR,861,SOQd,South Quay,Station entry/exit,APC,"7,191","7,861","7,026","4,019","3,453","7,293","8,130","6,945","3,799","3,418","91,118","1,102,075","4,550,079"
DLR,889,STLd,Star Lane,Station entry/exit,APC,"2,660","2,817","2,668","1,163","1,268","2,896","3,059","2,899","1,258","1,345","33,785","408,625","1,687,068"
DLR,719,SFDu,Stratford,---see LU---,---,---,---,---,---,---,---,---,---,---,---,---,---,---
DLR,749,SHSd,Stratford High Street,Station entry/exit,APC,"2,026","2,046","1,937","1,400",931,"2,186","2,199","2,108","1,521",981,"25,824","312,338","1,289,535"
DLR,504,STId,Stratford International DLR,Station entry/exit,APC,"6,638","7,203","7,126","6,717","4,977","5,960","6,426","6,365","5,868","4,431","88,967","1,076,060","4,442,673"
DLR,864,TOGd,Tower Gateway,Station entry/exit,APC,"4,274","4,609","4,408","4,086","3,011","4,715","5,235","4,911","4,600","3,328","62,866","760,366","3,139,282"
DLR,757,WHMu,West Ham,---see LU---,---,---,---,---,---,---,---,---,---,---,---,---,---,---
DLR,866,WIQd,West India Quay,Station entry/exit,APC,"4,081","4,578","4,933","5,687","4,085","3,814","4,425","4,568","4,424","3,238","61,838","747,930","3,087,941"
DLR,559,WSId,West Silvertown,Station entry/exit,APC,"3,650","3,960","3,921","3,256","2,505","3,514","3,721","3,816","3,114","2,004","48,821","590,486","2,437,908"
DLR,865,WESd,Westferry,Station entry/exit,APC,"6,304","3,059","6,652","5,600","5,108","6,383","3,813","6,586","5,311","5,083","67,641","818,124","3,377,747"
DLR,573,WOAd,Woolwich Arsenal,Boarding/alighting,APC,"10,691","10,625","11,121","8,966","6,832","10,692","10,873","11,153","8,878","7,032","139,858","1,691,580","6,983,940"
EZL,5131,ABWr,Abbey Wood,Boarding/alighting,Loadweigh,"20,726","23,445","21,238","16,717","9,245","25,474","28,161","25,106","15,959","10,911","300,194","3,573,943","14,172,670"
EZL,3000,AMLr,Acton Main Line,Station entry/exit,Gateline,"4,104","4,620","4,543","4,413","1,941","3,984","4,574","3,904","4,033","1,676","56,182","668,868","2,652,433"
EZL,524,BDSu,Bond Street,---see LU---,---,---,---,---,---,---,---,---,---,---,---,---,---,---
EZL,6872,BREr,Brentwood,Station entry/exit,Gateline,"4,239","4,935","4,249","2,935","1,677","4,045","4,680","3,981","2,764","1,659","54,393","647,575","2,567,994"
EZL,3176,BNMr,Burnham,Station entry/exit,Scaled,"3,205","3,599","3,577","2,956","1,572","3,030","3,564","3,215","2,727","1,510","43,279","515,251","2,043,255"
EZL,6560,CWXr,Canary Wharf EZL,Station entry/exit,Gateline,"21,963","27,594","22,311","12,726","9,166","22,538","27,493","22,064","13,145","9,633","298,806","3,557,419","14,107,145"
EZL,6874,CTHr,Chadwell Heath,Station entry/exit,Gateline,"7,204","7,612","7,363","5,685","3,208","7,015","7,402","6,994","5,051","3,118","90,681","1,079,597","4,281,204"
EZL,6561,CUSr,Custom House EZL,Station entry/exit,Gateline,"14,451","14,890","13,909","9,969","7,775","14,536","14,732","13,374","9,313","7,491","179,683","2,139,201","8,483,121"
EZL,560,EBYu,Ealing Broadway,---see LU---,---,---,---,---,---,---,---,---,---,---,---,---,---,---
EZL,577,FARu,Farringdon,---see LU---,---,---,---,---,---,---,---,---,---,---,---,---,---,---
EZL,6876,FOGr,Forest Gate,Station entry/exit,Gateline,"8,548","9,207","9,142","7,368","5,054","8,281","8,906","8,651","6,854","4,887","113,121","1,346,759","5,340,649"
EZL,6877,GDPr,Gidea Park,Station entry/exit,Gateline,"4,317","5,143","4,438","3,148","1,946","4,054","4,840","4,032","2,809","1,984","56,675","674,747","2,675,747"
EZL,6878,GMYr,Goodmayes,Station entry/exit,Gateline,"7,086","7,426","7,159","5,225","3,535","6,873","7,209","6,789","4,806","3,418","88,794","1,057,136","4,192,130"
EZL,3191,HANr,Hanwell,Station entry/exit,Gateline,"3,212","3,963","3,556","3,490","3,242","2,689","3,238","2,988","3,165","2,265","46,211","550,167","2,181,717"
EZL,6879,HROr,Harold Wood,Station entry/exit,Gateline,"5,257","5,940","5,356","3,648","1,769","5,051","5,644","4,969","3,275","1,636","65,710","782,311","3,102,300"
EZL,3186,HAYr,Hayes & Harlington,Station entry/exit,Gateline,"12,704","14,150","13,155","11,579","7,594","13,612","15,097","13,601","11,133","7,500","178,619","2,126,535","8,432,891"
EZL,7091,HAFr,Heathrow Terminal 4 EZL,Station entry/exit,Manual Count,"4,826","4,501","5,432","5,092","4,737","4,422","4,156","4,870","4,830","4,251","64,431","767,080","3,041,898"
EZL,9846,HWVr,Heathrow Terminal 5 EZL,Boarding/alighting,Manual Count,"3,205","4,394","2,126","3,925","3,361","2,523","3,668","1,478","4,138","2,005","46,947","558,925","2,216,449"
EZL,7090,HXXr,Heathrow Terminals 2 & 3 EZL,Boarding/alighting,Manual Count,"12,149","10,652","11,960","10,193","10,554","12,247","10,554","12,025","10,758","10,402","153,906","1,832,320","7,266,167"
EZL,6881,IFDr,Ilford,Station entry/exit,Gateline,"14,454","15,181","14,978","12,471","8,947","14,943","15,468","15,142","12,210","8,846","193,940","2,308,939","9,156,227"
EZL,3170,IVRr,Iver,Station entry/exit,Scaled,606,767,788,617,389,553,644,668,517,350,"8,721","103,832","411,753"
EZL,3171,LNYr,Langley,Station entry/exit,Scaled,"2,377","2,691","3,066","2,340","1,241","2,492","2,866","2,919","2,429","1,296","34,830","414,662","1,644,363"
EZL,634,LSTu,Liverpool Street LU,---see LU---,---,---,---,---,---,---,---,---,---,---,---,---,---,---
EZL,6965,LSTr,Liverpool Street NR,---Limited Service---,---,---,---,---,---,---,---,---,---,---,---,---,---,---
EZL,3147,MAIr,Maidenhead,Boarding/alighting,Scaled,"7,174","9,127","9,938","5,768","4,708","8,373","10,776","10,923","4,146","4,712","115,452","1,374,502","5,450,666"
EZL,6883,MNPr,Manor Park,Station entry/exit,Gateline,"5,949","6,415","6,368","5,041","3,668","5,899","6,245","6,051","4,583","3,556","79,096","941,677","3,734,273"
EZL,6970,MYLr,Maryland,Station entry/exit,Gateline,"5,845","6,313","6,235","4,724","3,457","5,509","5,797","5,474","3,979","3,242","74,797","890,487","3,531,277"
EZL,3087,PADr,Paddington NR,---Limited Service---,---,---,---,---,---,---,---,---,---,---,---,---,---,---
EZL,670,PADu,Paddington TfL,---see LU---,---,---,---,---,---,---,---,---,---,---,---,---,---,---
EZL,3149,RDGr,Reading,Boarding/alighting,Loadweigh,"4,630","4,987","4,975","3,826","3,297","6,279","6,523","6,454","5,387","3,948","73,325","872,969","3,461,806"
EZL,6886,RMFr,Romford,Boarding/alighting,Scaled,"16,017","17,730","15,492","7,806","9,023","19,250","21,246","18,769","9,313","11,681","224,277","2,670,115","10,588,491"
EZL,6893,SVKr,Seven Kings,Station entry/exit,Gateline,"6,300","6,584","6,463","4,979","2,837","5,764","6,085","5,798","4,246","2,655","77,048","917,294","3,637,580"
EZL,6888,SNFr,Shenfield,Boarding/alighting,Loadweigh,"4,821","4,439","4,313","3,317","1,607","5,678","5,562","5,455","4,353","2,009","61,555","732,840","2,906,118"
EZL,3172,SLOr,Slough,Boarding/alighting,Scaled,"8,001","9,154","8,933","8,199","4,670","7,005","7,917","8,172","6,332","4,037","106,560","1,268,649","5,030,898"
EZL,3187,STLr,Southall,Station entry/exit,Gateline,"11,418","12,189","11,360","10,389","8,142","11,944","12,510","11,830","9,673","7,135","155,985","1,857,066","7,364,298"
EZL,719,SFDu,Stratford,---see LU---,---,---,---,---,---,---,---,---,---,---,---,---,---,---
EZL,3151,TAPr,Taplow,Station entry/exit,Scaled,"1,040","1,343","1,221",972,549,983,"1,321",932,788,587,"15,065","179,357","711,251"
EZL,728,TCRu,Tottenham Court Road,---see LU---,---,---,---,---,---,---,---,---,---,---,---,---,---,---
EZL,3155,TWYr,Twyford,Boarding/alighting,Scaled,"3,731","5,330","5,405","4,232","1,989","4,004","5,725","5,828","3,117","2,315","63,787","759,408","3,011,473"
EZL,3174,WDTr,West Drayton,Station entry/exit,Gateline,"5,622","6,604","5,922","5,175","2,832","5,696","6,523","5,659","4,640","2,846","77,772","925,914","3,671,762"
EZL,3188,WEAr,West Ealing,Boarding/alighting,Scaled,"6,585","4,677","4,954","4,613","2,175","6,303","5,131","4,700","4,344","2,472","65,568","780,619","3,095,590"
EZL,763,WCLu,Whitechapel,---see LU---,---,---,---,---,---,---,---,---,---,---,---,---,---,---
EZL,6562,WWCr,Woolwich EZL,Station entry/exit,Gateline,"18,036","20,116","19,731","11,318","9,263","17,664","20,023","18,447","10,377","8,802","234,054","2,786,520","11,050,099"
